{
    "Olá": [
        0.5669904719836678,
        -0.38234144701087414,
        0.12881358812362564
    ],
    "tudo": [
        -0.27271942636981117,
        0.9053794734411822,
        0.517722262977945
    ],
    "bem": [
        -0.9511462145191898,
        0.3576070445720707,
        -0.07643687462718196
    ],
    "?": [
        0.5219553286284764,
        -0.6516688597669269,
        -0.12530128355437875
    ]
}